--统计口径
insert into yuetjkjb (ID, RIQ, DIANCXXB_ID, XUH, GONGYSB_ID, JIHKJB_ID, PINZB_ID, YUNSFSB_ID)
values (93812019888, to_date('01-01-2017', 'dd-mm-yyyy'), 938, 0, 476129600, 1, 102, 2);

insert into yuetjkjb (ID, RIQ, DIANCXXB_ID, XUH, GONGYSB_ID, JIHKJB_ID, PINZB_ID, YUNSFSB_ID)
values (93812019891, to_date('01-01-2017', 'dd-mm-yyyy'), 938, 0, 476129602, 2, 102, 2);

--数量
insert into yueslb (ID, YUETJKJB_ID, FENX, JINGZ, BIAOZ, YINGD, KUID, YUNS, KOUD, KOUS, KOUZ, KOUM, ZONGKD, SANFSL, JIANJL, RUCTZL, ZHUANGT, LAIMSL)
values (93812019887, 93812019888, '本月', 36158, 36267, 0, 0, 108, 0, 0, 0, 0, 0, 0, 0, 0, 1, 36158.000);

insert into yueslb (ID, YUETJKJB_ID, FENX, JINGZ, BIAOZ, YINGD, KUID, YUNS, KOUD, KOUS, KOUZ, KOUM, ZONGKD, SANFSL, JIANJL, RUCTZL, ZHUANGT, LAIMSL)
values (93812019892, 93812019888, '累计', 36158, 36267, 0, 0, 108, 0, 0, 0, 0, 0, 0, 0, 0, 1, 36158.000);

insert into yueslb (ID, YUETJKJB_ID, FENX, JINGZ, BIAOZ, YINGD, KUID, YUNS, KOUD, KOUS, KOUZ, KOUM, ZONGKD, SANFSL, JIANJL, RUCTZL, ZHUANGT, LAIMSL)
values (93812019890, 93812019891, '本月', 143249, 143249, 0, 0, 0, 0, 0, 0, 0, 0, 0, 0, 0, 1, 143249.000);

insert into yueslb (ID, YUETJKJB_ID, FENX, JINGZ, BIAOZ, YINGD, KUID, YUNS, KOUD, KOUS, KOUZ, KOUM, ZONGKD, SANFSL, JIANJL, RUCTZL, ZHUANGT, LAIMSL)
values (93812019893, 93812019891, '累计', 143249, 143249, 0, 0, 0, 0, 0, 0, 0, 0, 0, 0, 0, 1, 143249.000);

--质量
insert into yuezlb (ID, FENX, YUETJKJB_ID, QNET_AR, AAR, AD, VDAF, MT, STAD, AAD, MAD, QBAD, HAD, VAD, FCAD, STD, QBRAD, HDAF, QGRAD_DAF, SDAF, VAR, QNET_AR_KF, AAR_KF, AD_KF, VDAF_KF, MT_KF, STAD_KF, AAD_KF, MAD_KF, QBAD_KF, HAD_KF, VAD_KF, FCAD_KF, STD_KF, QBRAD_KF, HDAF_KF, QGRAD_DAF_KF, SDAF_KF, VAR_KF, ZHUANGT, DIANCRZ)
values (93812019897, '本月', 93812019888, 18.9130, 0.000, 27.900, 39.200, 11.900, 0.000, 0.000, 0.000, 0.000, 0.000, 0.000, 0.000, 1.950, 0.000, 0.000, 0.000, 0.000, 0.000, 0.000, 0.000, 0.000, 0.000, 0.000, 0.000, 0.000, 0.000, 0.000, 0.000, 0.000, 0.000, 0.000, 0.000, 0.000, 0.000, 0.000, 0.000, 1, 0.000);

insert into yuezlb (ID, FENX, YUETJKJB_ID, QNET_AR, AAR, AD, VDAF, MT, STAD, AAD, MAD, QBAD, HAD, VAD, FCAD, STD, QBRAD, HDAF, QGRAD_DAF, SDAF, VAR, QNET_AR_KF, AAR_KF, AD_KF, VDAF_KF, MT_KF, STAD_KF, AAD_KF, MAD_KF, QBAD_KF, HAD_KF, VAD_KF, FCAD_KF, STD_KF, QBRAD_KF, HDAF_KF, QGRAD_DAF_KF, SDAF_KF, VAR_KF, ZHUANGT, DIANCRZ)
values (93812019922, '累计', 93812019888, 18.9130, 0.000, 27.900, 39.200, 11.900, 0.000, 0.000, 0.000, 0.000, 0.000, 0.000, 0.000, 1.950, 0.000, 0.000, 0.000, 0.000, 0.000, 0.000, 0.000, 0.000, 0.000, 0.000, 0.000, 0.000, 0.000, 0.000, 0.000, 0.000, 0.000, 0.000, 0.000, 0.000, 0.000, 0.000, 0.000, 1, 0.000);

insert into yuezlb (ID, FENX, YUETJKJB_ID, QNET_AR, AAR, AD, VDAF, MT, STAD, AAD, MAD, QBAD, HAD, VAD, FCAD, STD, QBRAD, HDAF, QGRAD_DAF, SDAF, VAR, QNET_AR_KF, AAR_KF, AD_KF, VDAF_KF, MT_KF, STAD_KF, AAD_KF, MAD_KF, QBAD_KF, HAD_KF, VAD_KF, FCAD_KF, STD_KF, QBRAD_KF, HDAF_KF, QGRAD_DAF_KF, SDAF_KF, VAR_KF, ZHUANGT, DIANCRZ)
values (93812019895, '本月', 93812019891, 17.7470, 0.000, 34.690, 30.570, 12.600, 0.000, 0.000, 0.000, 0.000, 0.000, 0.000, 0.000, 0.960, 0.000, 0.000, 0.000, 0.000, 0.000, 0.000, 0.000, 0.000, 0.000, 0.000, 0.000, 0.000, 0.000, 0.000, 0.000, 0.000, 0.000, 0.000, 0.000, 0.000, 0.000, 0.000, 0.000, 1, 0.000);

insert into yuezlb (ID, FENX, YUETJKJB_ID, QNET_AR, AAR, AD, VDAF, MT, STAD, AAD, MAD, QBAD, HAD, VAD, FCAD, STD, QBRAD, HDAF, QGRAD_DAF, SDAF, VAR, QNET_AR_KF, AAR_KF, AD_KF, VDAF_KF, MT_KF, STAD_KF, AAD_KF, MAD_KF, QBAD_KF, HAD_KF, VAD_KF, FCAD_KF, STD_KF, QBRAD_KF, HDAF_KF, QGRAD_DAF_KF, SDAF_KF, VAR_KF, ZHUANGT, DIANCRZ)
values (93812019921, '累计', 93812019891, 17.7470, 0.000, 34.690, 30.570, 12.600, 0.000, 0.000, 0.000, 0.000, 0.000, 0.000, 0.000, 0.960, 0.000, 0.000, 0.000, 0.000, 0.000, 0.000, 0.000, 0.000, 0.000, 0.000, 0.000, 0.000, 0.000, 0.000, 0.000, 0.000, 0.000, 0.000, 0.000, 0.000, 0.000, 0.000, 0.000, 1, 0.000);


--煤收耗存
insert into yueshchjb (ID, RIQ, FENX, QICKC, SHOUML, FADY, GONGRY, QITH, SUNH, DIAOCL, PANYK, KUC, DIANCXXB_ID, SHUIFCTZ, ZHUANGT, YUNS)
values (93812019910, to_date('01-01-2017', 'dd-mm-yyyy'), '本月', 157849, 179407, 179566, 15873, 0, 865, 0, 0, 139392, 938, -1560, 1, 0);

insert into yueshchjb (ID, RIQ, FENX, QICKC, SHOUML, FADY, GONGRY, QITH, SUNH, DIAOCL, PANYK, KUC, DIANCXXB_ID, SHUIFCTZ, ZHUANGT, YUNS)
values (93812019912, to_date('01-01-2017', 'dd-mm-yyyy'), '累计', 157849, 179407, 179566, 15873, 0, 865, 0, 0, 139392, 938, -1560, 1, 0);


--油收耗存
insert into yueshcyb (ID, RIQ, FENX, QICKC, SHOUYL, FADYY, GONGRY, QITHY, SUNH, DIAOCL, PANYK, KUC, DIANCXXB_ID, PINZB_ID, ZHUANGT)
values (93812019914, to_date('01-01-2017', 'dd-mm-yyyy'), '累计', 140.450, 0.000, 41.910, 3.710, 0.000, 0.000, 0.000, 0.000, 94.830, 938, 2, 1);

insert into yueshcyb (ID, RIQ, FENX, QICKC, SHOUYL, FADYY, GONGRY, QITHY, SUNH, DIAOCL, PANYK, KUC, DIANCXXB_ID, PINZB_ID, ZHUANGT)
values (93812019913, to_date('01-01-2017', 'dd-mm-yyyy'), '本月', 140.450, 0.000, 41.910, 3.710, 0.000, 0.000, 0.000, 0.000, 94.830, 938, 2, 1);



--入厂煤成本
insert into yuercbmdj (ID, FENX, YUETJKJB_ID, HETJ, RELZJ, LIUFZJ, HUIFZJ, HUIFFZJ, SHUIFZJ, MEIJ, MEIJS, YUNJ, YUNJS, DAOZZF, ZAF, QIT, QNET_AR, BIAOMDJ, BUHSBMDJ, JIAOHQZF, ZHUANGT, YUNSJL, YUNFSL, YUNFSLFS, DAOZZFS, ZAFS, QITS, JIAOHQZFS, DAOZZFSL, DAOZZFSLFS, ZAFSL, ZAFSLFS, QITSL, QITSLFS, JIAOHQZFSL, JIAOHQZFSLFS)
values (93812019965, '累计', 93812019888, 324.90, 0.00, 0.00, 0.00, 0.00, 0.00, 324.34, 47.13, 49.32, 4.89, 0.00, 0.00, 0.00, 0.00, 578.30, 497.79, 0.00, 1, 0, 0, null, 0.00, 0.00, 0.00, 0.00, 0, null, 0, null, 0, null, 0, null);

insert into yuercbmdj (ID, FENX, YUETJKJB_ID, HETJ, RELZJ, LIUFZJ, HUIFZJ, HUIFFZJ, SHUIFZJ, MEIJ, MEIJS, YUNJ, YUNJS, DAOZZF, ZAF, QIT, QNET_AR, BIAOMDJ, BUHSBMDJ, JIAOHQZF, ZHUANGT, YUNSJL, YUNFSL, YUNFSLFS, DAOZZFS, ZAFS, QITS, JIAOHQZFS, DAOZZFSL, DAOZZFSLFS, ZAFSL, ZAFSLFS, QITSL, QITSLFS, JIAOHQZFSL, JIAOHQZFSLFS)
values (93812019930, '本月', 93812019888, 324.90, 0.00, 0.00, 0.00, 0.00, 0.00, 324.34, 47.13, 49.32, 4.89, 0.00, 0.00, 0.00, 0.00, 578.39, 497.87, 0.00, 1, 0, 11, '增值税', 0.00, 0.00, 0.00, 0.00, 17, '增值税', 17, '增值税', 17, '增值税', 17, '17');

insert into yuercbmdj (ID, FENX, YUETJKJB_ID, HETJ, RELZJ, LIUFZJ, HUIFZJ, HUIFFZJ, SHUIFZJ, MEIJ, MEIJS, YUNJ, YUNJS, DAOZZF, ZAF, QIT, QNET_AR, BIAOMDJ, BUHSBMDJ, JIAOHQZF, ZHUANGT, YUNSJL, YUNFSL, YUNFSLFS, DAOZZFS, ZAFS, QITS, JIAOHQZFS, DAOZZFSL, DAOZZFSLFS, ZAFSL, ZAFSLFS, QITSL, QITSLFS, JIAOHQZFSL, JIAOHQZFSLFS)
values (93812019966, '累计', 93812019891, 320.00, 0.00, 0.00, 0.00, 0.00, 0.00, 287.98, 41.84, 16.80, 1.66, 0.00, 0.00, 0.00, 0.00, 502.69, 430.94, 0.00, 1, 0, 0, null, 0.00, 0.00, 0.00, 0.00, 0, null, 0, null, 0, null, 0, null);

insert into yuercbmdj (ID, FENX, YUETJKJB_ID, HETJ, RELZJ, LIUFZJ, HUIFZJ, HUIFFZJ, SHUIFZJ, MEIJ, MEIJS, YUNJ, YUNJS, DAOZZF, ZAF, QIT, QNET_AR, BIAOMDJ, BUHSBMDJ, JIAOHQZF, ZHUANGT, YUNSJL, YUNFSL, YUNFSLFS, DAOZZFS, ZAFS, QITS, JIAOHQZFS, DAOZZFSL, DAOZZFSLFS, ZAFSL, ZAFSLFS, QITSL, QITSLFS, JIAOHQZFSL, JIAOHQZFSLFS)
values (93812019932, '本月', 93812019891, 320.00, 0.00, 0.00, 0.00, 0.00, 0.00, 287.98, 41.84, 16.80, 1.66, 0.00, 0.00, 0.00, 0.00, 502.60, 430.87, 0.00, 1, 0, 11, '增值税', 0.00, 0.00, 0.00, 0.00, 17, '增值税', 17, '增值税', 17, '增值税', 17, '17');


--入厂油成本
insert into rucycbb (YOUFRL, ZHEBMDJ, ID, DIANCXXB_ID, RIQ, FENX, SHUL, HANSZHJ, BUHSZHJ, YOUJ, YOUS, YUNF, YUNFS, YUNZF, QITFY, ZHUANGT, PINZB_ID)
values (0.000, 0.0000, 93825282376, 938, to_date('01-01-2017', 'dd-mm-yyyy'), '累计', 0.00, 33.0000, 33.0000, 33.0000, 0.0000, 0.00, 0.0000, 0.00, 0.00, 1, 2);

insert into rucycbb (YOUFRL, ZHEBMDJ, ID, DIANCXXB_ID, RIQ, FENX, SHUL, HANSZHJ, BUHSZHJ, YOUJ, YOUS, YUNF, YUNFS, YUNZF, QITFY, ZHUANGT, PINZB_ID)
values (0.000, 0.0000, 93825282371, 938, to_date('01-01-2017', 'dd-mm-yyyy'), '本月', 0.00, 33.0000, 33.0000, 33.0000, 0.0000, 0.00, 0.0000, 0.00, 0.00, 1, 2);

insert into rucycbb (YOUFRL, ZHEBMDJ, ID, DIANCXXB_ID, RIQ, FENX, SHUL, HANSZHJ, BUHSZHJ, YOUJ, YOUS, YUNF, YUNFS, YUNZF, QITFY, ZHUANGT, PINZB_ID)
values (0.000, 0.0000, 93825282375, 938, to_date('01-01-2017', 'dd-mm-yyyy'), '累计', 0.00, 33.0000, 33.0000, 33.0000, 0.0000, 0.00, 0.0000, 0.00, 0.00, 1, 2018241);

insert into rucycbb (YOUFRL, ZHEBMDJ, ID, DIANCXXB_ID, RIQ, FENX, SHUL, HANSZHJ, BUHSZHJ, YOUJ, YOUS, YUNF, YUNFS, YUNZF, QITFY, ZHUANGT, PINZB_ID)
values (0.000, 0.0000, 93825282368, 938, to_date('01-01-2017', 'dd-mm-yyyy'), '本月', 0.00, 33.0000, 33.0000, 33.0000, 0.0000, 0.00, 0.0000, 0.00, 0.00, 1, 2018241);


--月指标
insert into yuezbb (ID, DIANCXXB_ID, RIQ, FENX, FADGRYTRML, RULMZBZML, RULTRMPJFRL, FADYTRML, GONGRYTRML, FADMZBML, GONGRMZBML, FADGRYTRYL, RULTRYPJFRL, FADYTRYL, GONGRYTRYL, RULYZBZML, FADYZBZML, GONGRYZBZML, FADGRYTRQL, RULTRQPJFRL, FADYTRQL, GONGRYTRQL, RULQZBZML, FADQZBZML, GONGRQZBZML, FADL, GONGDL, SHOUDL, GOURDL, GONGRL, SHOURL, FADBZMH, GONGDBZMH, GONGRBZMH, RANLCB_BHS, FADMCB, FADYCB, GONGRMCB, GONGRYCB, FADRQCB, GONGRRQCB, GONGRCYDFTRLF, QIZ_RANM, QIZ_RANY, QIZ_RANQ, SHOUDDWBDCB, SHOUDDWGDCB, SHOUDDJ, SHOURDJ, SHOURDWCB, LIRZE, BENQRCMGJSL, BENQRCMGJZJE_BHS, RULTRMPJDJ, QIZ_FADTRMDJ, QIZ_GONGRTRMDJ, RULTRYPJDJ, QIZ_FADTRYDJ, QIZ_GONGRTRQDJ, QIZ_GONGRTRYDJ, RULTRQPJDJ, QIZ_FADTRQDJ, FADBZMDJ, QIZ_MEIZBMDJ, QIZ_YOUZBMDJ, QIZ_QIZBMDJ, GONGRBZMDJ, QIZ_MEIZBMDJ_GR, QIZ_YOUZBMDJ_GR, QIZ_QIZBMDJ_GR, FADDWRLCB, SHOUDDWRLCB_MEID, SHOUDDWRLCB_QID, ZHUANGT, GONGRCGDL, FADZHCGDL, QITFY)
values (93812019970, 938, to_date('01-01-2017', 'dd-mm-yyyy'), '本月', 195439.59, 117041.00, 17529, 179565.92, 15873.67, 107535.00, 9506.00, 45.620, 41816, 41.910, 3.710, 65.00, 60.00, 5.00, 0.00, 0, 0.00, 0.00, 0.00, 0.00, 0.00, 34606.8800, 1947.5100, 32499.4300, 0.0000, 235027.10, 235027.10, 310.90, 329.40, 40.47, 5366.440000, 4887.940000, 20.420000, 456.160000, 1.920000, 0.000000, 0.000000, 22.210000, 22.110000, 0.100000, 0.000000, 166.29, 36.06, 211.24, 36.33, 23.61, 228.490000, 217361.95, 5972.970000, 273.44, 273.44, 273.44, 4896.98, 4896.21, 0.00, 4905.66, 0.00, 0.00, 458.25, 456.60, 3420.00, 0.00, 458.28, 456.61, 3640.00, 0.00, 151.01, 151.03, 0.00, 1, 155.8300, 2107.4500, 7.8200);

insert into yuezbb (ID, DIANCXXB_ID, RIQ, FENX, FADGRYTRML, RULMZBZML, RULTRMPJFRL, FADYTRML, GONGRYTRML, FADMZBML, GONGRMZBML, FADGRYTRYL, RULTRYPJFRL, FADYTRYL, GONGRYTRYL, RULYZBZML, FADYZBZML, GONGRYZBZML, FADGRYTRQL, RULTRQPJFRL, FADYTRQL, GONGRYTRQL, RULQZBZML, FADQZBZML, GONGRQZBZML, FADL, GONGDL, SHOUDL, GOURDL, GONGRL, SHOURL, FADBZMH, GONGDBZMH, GONGRBZMH, RANLCB_BHS, FADMCB, FADYCB, GONGRMCB, GONGRYCB, FADRQCB, GONGRRQCB, GONGRCYDFTRLF, QIZ_RANM, QIZ_RANY, QIZ_RANQ, SHOUDDWBDCB, SHOUDDWGDCB, SHOUDDJ, SHOURDJ, SHOURDWCB, LIRZE, BENQRCMGJSL, BENQRCMGJZJE_BHS, RULTRMPJDJ, QIZ_FADTRMDJ, QIZ_GONGRTRMDJ, RULTRYPJDJ, QIZ_FADTRYDJ, QIZ_GONGRTRQDJ, QIZ_GONGRTRYDJ, RULTRQPJDJ, QIZ_FADTRQDJ, FADBZMDJ, QIZ_MEIZBMDJ, QIZ_YOUZBMDJ, QIZ_QIZBMDJ, GONGRBZMDJ, QIZ_MEIZBMDJ_GR, QIZ_YOUZBMDJ_GR, QIZ_QIZBMDJ_GR, FADDWRLCB, SHOUDDWRLCB_MEID, SHOUDDWRLCB_QID, ZHUANGT, GONGRCGDL, FADZHCGDL, QITFY)
values (93812019980, 938, to_date('01-01-2017', 'dd-mm-yyyy'), '累计', 195439.59, 117041.00, 17529, 179565.92, 15873.67, 107535.00, 9506.00, 45.620, 41816, 41.910, 3.710, 65.00, 60.00, 5.00, 0.00, 0, 0.00, 0.00, 0.00, 0.00, 0.00, 34606.8800, 1947.5100, 32499.4300, 0.0000, 235027.10, 235027.10, 310.91, 329.45, 40.47, 5366.440000, 4887.940000, 20.420000, 456.160000, 1.920000, 0.000000, 0.000000, 22.210000, 22.110000, 0.100000, 0.000000, 166.29, 36.06, 211.24, 36.33, 23.61, 228.490000, 217361.95, 5972.970000, 273.44, 273.44, 273.44, 4896.98, 4896.21, 0.00, 4905.66, 0.00, 0.00, 458.25, 456.60, 3420.00, 0.00, 458.28, 456.61, 3640.00, 0.00, 151.01, 151.03, 0.00, 1, 155.8300, 2107.4500, 7.8200);

--年度合同执行
insert into niandhtzxqkb (ID, DIANCXXB_ID, GONGYSB_ID, BEIZ, RIQ, HETL, HETJZRZ, HETJZCKJG, HETJZDCJG, HETZJKHBZ, YANSFS, ZHUANGT, YUNZF)
values (93812019981, 938, 476129600, null, to_date('01-01-2017', 'dd-mm-yyyy'), 60.00, 4500.00, 324.900, 373.660, 0.080, '矿方', 1, null);

commit;

